#{"t_start": 1767376709.5581658, "env_id": "None"}
r,l,t
-55.0,46,6.814359
-55.0,46,6.942514
-54.0,47,7.062844
-54.0,47,7.187026
-49.0,52,7.357836
5.0,106,7.568513
-53.0,48,7.677606
-55.0,46,7.821659
-55.0,46,7.926687
-54.0,47,8.043059
-52.0,49,8.166143
-55.0,46,8.28677
-54.0,47,8.422892
-53.0,48,8.528546
-48.0,53,8.635438
-55.0,46,8.800349
-54.0,47,8.909293
-54.0,47,9.056458
-55.0,46,9.203187
-54.0,47,9.329072
-54.0,47,9.445743
-54.0,47,9.613652
-52.0,49,9.760541
5.0,106,10.008188
-54.0,47,10.12117
-55.0,46,10.270161
-55.0,46,10.381641
-54.0,47,10.534373
-54.0,47,10.64818
-55.0,46,10.757849
-54.0,47,10.887914
-54.0,47,10.991959
-55.0,46,11.13181
-52.0,49,11.250644
-54.0,47,11.379984
-54.0,47,11.483066
-51.0,50,11.655036
-54.0,47,11.802838
-51.0,50,11.93277
4.0,105,15.964385
-55.0,46,16.294865
-54.0,47,16.616497
-55.0,46,16.940032
4.0,105,17.729837
-55.0,46,18.042833
-55.0,46,18.407655
-54.0,47,18.72108
-55.0,46,19.075833
-55.0,46,19.497312
-54.0,47,19.968714
-54.0,47,20.412683
-55.0,46,20.849466
-54.0,47,21.285317
-53.0,48,21.693805
-54.0,47,22.168881
-53.0,48,22.617307
-55.0,46,23.090904
-54.0,47,23.545057
-54.0,47,24.122015
-55.0,46,24.589427
-55.0,46,25.038004
-55.0,46,25.513235
-55.0,46,25.972186
-54.0,47,26.489449
-54.0,47,26.971264
-49.0,52,27.535755
-52.0,49,28.036217
-54.0,47,28.496375
-55.0,46,28.964018
-54.0,47,29.426541
-54.0,47,29.883271
8.0,109,31.432842
-55.0,46,31.940638
-54.0,47,32.420221
-48.0,53,32.947233
-54.0,47,33.478925
4.0,105,34.604982
-53.0,48,35.09881
-53.0,48,35.594334
-54.0,47,44.876676
115.0,216,47.065711
-54.0,47,47.550757
-54.0,47,48.050439
-54.0,47,48.521566
-55.0,46,49.002403
-54.0,47,49.472613
-55.0,46,49.921286
-55.0,46,50.41242
-53.0,48,50.919748
-53.0,48,51.353414
5.0,106,52.444349
9.0,110,53.583745
-54.0,47,54.055079
-52.0,49,54.511002
-55.0,46,55.010095
-54.0,47,55.461492
-55.0,46,55.890626
-55.0,46,56.392653
-54.0,47,56.880706
-54.0,47,57.371493
-54.0,47,57.828705
-55.0,46,58.351684
-52.0,49,58.825225
-46.0,55,59.36858
-50.0,51,59.884819
-54.0,47,60.370492
-54.0,47,60.829526
-55.0,46,61.288806
-55.0,46,61.77652
-48.0,53,62.299447
-54.0,47,62.79147
-55.0,46,63.238349
-52.0,49,63.734921
5.0,106,64.836288
-48.0,53,74.400182
-54.0,47,74.866237
-53.0,48,75.380803
-54.0,47,75.846643
-55.0,46,76.361848
-55.0,46,76.808211
-55.0,46,77.261086
-49.0,52,77.791873
-55.0,46,78.252339
-50.0,51,78.735448
-54.0,47,79.248163
-54.0,47,79.719697
-54.0,47,80.181298
-55.0,46,80.629345
-55.0,46,81.075763
5.0,106,82.1679
-54.0,47,82.641675
-55.0,46,83.121721
-54.0,47,83.59637
-55.0,46,84.081708
-53.0,48,84.584927
-55.0,46,85.036723
-54.0,47,85.528039
-55.0,46,86.003673
-55.0,46,86.457677
-54.0,47,86.921704
-53.0,48,87.394837
-54.0,47,87.859839
-48.0,53,88.416468
-48.0,53,88.975243
-55.0,46,89.421143
-54.0,47,89.92534
-54.0,47,90.400679
-55.0,46,90.869173
-54.0,47,91.3183
-54.0,47,91.797018
-55.0,46,92.248698
10.0,111,93.415347
-48.0,53,93.97011
-54.0,47,94.467049
-54.0,47,95.011928
-54.0,47,104.802743
-52.0,49,105.281483
-53.0,48,105.739136
-52.0,49,106.227544
-55.0,46,106.67883
6.0,107,107.831193
-55.0,46,108.272058
-54.0,47,108.737408
7.0,108,109.784578
9.0,110,110.967715
-54.0,47,111.425766
-54.0,47,111.898638
-55.0,46,112.339021
-49.0,52,112.847598
-55.0,46,113.238915
-48.0,53,113.389241
-55.0,46,113.561158
-52.0,49,113.678454
-54.0,47,113.824188
-51.0,50,113.960788
-55.0,46,114.115479
68.0,169,114.549695
-50.0,51,114.703342
-55.0,46,114.884918
-54.0,47,115.037681
-54.0,47,115.191791
-55.0,46,115.344603
-54.0,47,115.517171
-54.0,47,115.657001
-55.0,46,115.813629
-54.0,47,115.987444
-54.0,47,116.133346
-54.0,47,116.309215
-55.0,46,116.46396
-55.0,46,116.622184
-55.0,46,116.814464
-55.0,46,116.988088
-53.0,48,120.705309
-54.0,47,120.842321
-50.0,51,120.998406
9.0,110,121.339452
-49.0,52,121.497488
-55.0,46,121.663014
-53.0,48,121.873754
-53.0,48,122.026247
-55.0,46,122.210938
63.0,164,122.736097
-54.0,47,122.879067
-54.0,47,122.999849
-54.0,47,123.108139
-47.0,54,123.24974
-54.0,47,123.392744
-54.0,47,123.587358
-51.0,50,123.751556
-49.0,52,123.96099
-54.0,47,124.109137
-54.0,47,124.240011
-54.0,47,124.382311
-54.0,47,124.526618
8.0,109,124.92305
-54.0,47,125.075697
-53.0,48,125.223643
-55.0,46,125.347334
-48.0,53,125.512931
-54.0,47,125.664977
-53.0,48,125.803299
-54.0,47,125.970873
-52.0,49,126.132616
-55.0,46,126.322198
-55.0,46,126.481177
-54.0,47,126.650772
-51.0,50,126.854366
-55.0,46,126.996729
-53.0,48,127.141487
-53.0,48,127.303624
-50.0,51,131.511794
4.0,105,131.867447
-46.0,55,132.059125
-54.0,47,132.189365
-54.0,47,132.35309
-50.0,51,132.536213
-55.0,46,132.756332
-54.0,47,132.876599
-46.0,55,133.053847
-54.0,47,133.221805
-54.0,47,133.43311
-55.0,46,133.547534
-54.0,47,133.675166
-47.0,54,133.849018
-48.0,53,134.040792
-55.0,46,134.166765
-54.0,47,134.351593
-55.0,46,134.490901
-49.0,52,134.696985
-55.0,46,134.854121
-54.0,47,135.016621
-55.0,46,135.220168
-54.0,47,135.372656
-55.0,46,135.50856
-54.0,47,135.640325
-55.0,46,135.808999
-51.0,50,136.004906
-54.0,47,136.1572
-55.0,46,136.30624
-55.0,46,136.463537
-54.0,47,136.626858
-54.0,47,136.768808
-55.0,46,136.910372
-54.0,47,137.054561
-51.0,50,137.211137
-54.0,47,137.355103
-55.0,46,137.506218
-54.0,47,137.652371
-55.0,46,137.805753
-50.0,51,137.952145
-54.0,47,138.147262
-53.0,48,141.729783
-55.0,46,141.881499
-55.0,46,142.041978
-54.0,47,142.191647
-53.0,48,142.347007
-54.0,47,142.48983
-48.0,53,142.657644
-55.0,46,142.80271
-49.0,52,142.998275
-55.0,46,143.133445
-46.0,55,143.302433
66.0,167,143.848427
-54.0,47,143.998582
-51.0,50,144.147769
-51.0,50,144.314367
-54.0,47,144.476674
-52.0,49,144.644188
-50.0,51,144.825212
65.0,166,145.332539
-50.0,51,145.514483
-54.0,47,145.656045
-52.0,49,145.797945
-54.0,47,145.943256
-54.0,47,146.107581
-51.0,50,146.2799
-54.0,47,146.476301
-52.0,49,146.600181
4.0,105,146.949931
-48.0,53,147.116545
-55.0,46,147.248313
5.0,106,147.609128
-51.0,50,147.801583
-54.0,47,148.015145
-55.0,46,148.175311
113.0,214,152.29392
-55.0,46,152.436013
11.0,112,152.856
-53.0,48,153.023417
-55.0,46,153.192722
-51.0,50,153.337904
-54.0,47,153.499012
7.0,108,153.87299
-55.0,46,153.999156
-55.0,46,154.148506
-55.0,46,154.276307
-55.0,46,154.425749
-54.0,47,154.584132
125.0,226,155.3268
4.0,105,155.677387
6.0,107,156.020767
2.0,103,156.355871
5.0,106,156.721219
-51.0,50,156.901199
-52.0,49,157.042614
-54.0,47,157.194212
-49.0,52,157.36698
-55.0,46,157.512378
-52.0,49,157.671338
60.0,161,158.16493
-53.0,48,158.335226
-55.0,46,158.50206
-51.0,50,162.823433
65.0,166,163.353136
69.0,170,163.924189
-49.0,52,164.085868
-53.0,48,164.244541
-53.0,48,164.388728
-53.0,48,164.55462
428.0,529,166.430723
-52.0,49,166.644101
-50.0,51,166.847157
-45.0,56,167.036926
-54.0,47,167.185378
-52.0,49,167.338961
-50.0,51,167.537791
-50.0,51,167.694556
-52.0,49,167.856469
-55.0,46,168.017047
4.0,105,168.342196
-54.0,47,168.507561
-54.0,47,168.66014
-54.0,47,168.799917
-50.0,51,168.972764
-55.0,46,169.113878
-54.0,47,169.282306
-55.0,46,169.429292
277.0,378,174.069704
-45.0,56,174.236867
-54.0,47,174.407093
-55.0,46,174.542692
226.0,327,175.590129
-49.0,52,175.785949
-47.0,54,175.972496
-54.0,47,176.152058
-47.0,54,176.337862
-48.0,53,176.506797
-48.0,53,176.678723
61.0,162,177.191501
-55.0,46,177.331493
-54.0,47,177.477807
-54.0,47,177.616183
-54.0,47,177.742667
65.0,166,178.28799
-47.0,54,178.472534
4.0,105,178.845654
4.0,105,179.166267
-55.0,46,179.308536
5.0,106,179.681101
-51.0,50,183.499699
-54.0,47,183.661213
-46.0,55,183.819575
-53.0,48,183.975129
-47.0,54,184.163129
5.0,106,184.498761
-46.0,55,184.708622
69.0,170,185.301751
-53.0,48,185.478611
4.0,105,185.79734
-55.0,46,185.959012
-55.0,46,186.118634
-46.0,55,186.297571
-54.0,47,186.464496
61.0,162,186.964392
10.0,111,187.360183
9.0,110,187.667673
-46.0,55,187.824636
-51.0,50,187.981844
-49.0,52,188.166018
-55.0,46,188.289768
2.0,103,188.611084
-55.0,46,188.773971
63.0,164,189.288371
-54.0,47,189.511098
70.0,171,190.136278
2.0,103,194.625407
-54.0,47,194.772574
-52.0,49,194.959965
7.0,108,195.379328
-55.0,46,195.536614
70.0,171,196.142321
-55.0,46,196.282884
270.0,371,197.533693
-54.0,47,197.732076
62.0,163,198.280022
-55.0,46,198.45228
118.0,219,199.230053
-46.0,55,199.389729
11.0,112,199.725661
62.0,163,200.204821
61.0,162,200.735691
-54.0,47,200.900532
4.0,105,201.225465
-52.0,49,204.652194
-54.0,47,204.795305
-51.0,50,204.940285
-55.0,46,205.081248
-55.0,46,205.221118
10.0,111,205.562062
226.0,327,206.758201
120.0,221,207.473125
4.0,105,207.833143
-52.0,49,207.991779
61.0,162,208.495293
68.0,169,209.011435
-55.0,46,209.136478
-49.0,52,209.293768
4.0,105,209.644163
10.0,111,210.062447
-54.0,47,210.210755
64.0,165,210.751154
-50.0,51,210.924314
-53.0,48,211.097215
-55.0,46,211.277766
59.0,160,215.110722
-54.0,47,215.251437
-55.0,46,215.402996
-54.0,47,215.540426
-55.0,46,215.697559
3.0,104,216.008578
-54.0,47,216.155169
14.0,115,216.557758
-54.0,47,216.731755
5.0,106,217.069659
-51.0,50,217.238364
-55.0,46,217.380172
3.0,104,217.693373
-55.0,46,217.832653
-55.0,46,217.975486
4.0,105,218.314535
-55.0,46,218.478312
-54.0,47,218.607987
-54.0,47,218.784142
-55.0,46,218.948207
-54.0,47,219.097292
-54.0,47,219.247329
-55.0,46,219.393649
13.0,114,219.7704
-50.0,51,219.914317
-55.0,46,220.060778
5.0,106,220.389367
9.0,110,220.742337
-54.0,47,220.895655
65.0,166,225.066194
-54.0,47,225.191179
-51.0,50,225.349131
69.0,170,225.951013
13.0,114,226.864303
71.0,172,227.453604
-49.0,52,227.623557
7.0,108,227.959042
-46.0,55,228.195515
3.0,104,228.512255
-49.0,52,228.678971
8.0,109,229.098733
-46.0,55,229.260929
122.0,223,230.013814
4.0,105,230.377043
-54.0,47,230.534307
6.0,107,230.979484
116.0,217,231.65989
-46.0,55,231.851616
5.0,106,232.21143
7.0,108,236.239452
-46.0,55,236.423283
62.0,163,236.966398
-55.0,46,237.088419
-46.0,55,237.251445
-54.0,47,237.409615
-47.0,54,237.564156
-49.0,52,237.712743
-53.0,48,237.870513
-46.0,55,238.038507
-47.0,54,238.198999
-54.0,47,238.362342
-53.0,48,238.503313
-46.0,55,238.723426
171.0,272,239.587205
-49.0,52,239.777035
-55.0,46,239.935776
-49.0,52,240.111294
63.0,164,240.629249
9.0,110,241.037077
15.0,116,241.44355
-55.0,46,241.584565
-51.0,50,241.762128
-54.0,47,241.90099
70.0,171,242.495998
-50.0,51,242.656842
-55.0,46,246.559693
-45.0,56,246.749752
-52.0,49,246.929989
-50.0,51,247.140673
-53.0,48,247.30739
-51.0,50,247.46654
62.0,163,248.006148
-48.0,53,248.179326
-50.0,51,248.324147
-54.0,47,248.451169
64.0,165,249.022827
-54.0,47,249.168985
-55.0,46,249.407695
-51.0,50,249.551334
-47.0,54,249.74196
-54.0,47,249.899774
-55.0,46,250.073807
-55.0,46,250.236638
-51.0,50,250.388829
-48.0,53,250.607486
-55.0,46,250.762393
-53.0,48,250.905328
-49.0,52,251.064033
63.0,164,251.552484
11.0,112,251.908701
3.0,104,252.229162
-52.0,49,252.388073
9.0,110,252.750098
68.0,169,256.934742
-54.0,47,257.091332
-52.0,49,257.257125
116.0,217,258.120926
4.0,105,258.519369
4.0,105,258.913745
-54.0,47,259.634377
59.0,160,260.231047
120.0,221,261.067439
4.0,105,261.494744
59.0,160,262.027471
7.0,108,262.362744
-54.0,47,262.529247
-45.0,56,262.733284
62.0,163,263.272422
-50.0,51,263.448925
14.0,115,263.888405
117.0,218,264.575673
-47.0,54,264.752853
-48.0,53,268.47328
13.0,114,268.927269
-54.0,47,269.088665
-49.0,52,269.239068
329.0,430,270.635344
-46.0,55,270.857174
-49.0,52,271.051494
-49.0,52,271.252307
7.0,108,271.602752
-51.0,50,271.766024
6.0,107,272.122361
-55.0,46,272.281058
177.0,278,273.235461
63.0,164,273.754839
-50.0,51,273.913835
-51.0,50,274.095023
-46.0,55,274.279796
-54.0,47,274.460055
-55.0,46,274.609602
-54.0,47,274.745843
-54.0,47,274.930648
4.0,105,278.85719
-54.0,47,279.001817
-55.0,46,279.145383
-53.0,48,279.294265
-46.0,55,279.467518
-54.0,47,279.627098
-54.0,47,279.77659
9.0,110,280.168808
62.0,163,280.744842
-55.0,46,280.900925
-54.0,47,281.088742
-54.0,47,281.266492
177.0,278,282.208351
65.0,166,282.735513
-53.0,48,282.880374
-55.0,46,283.034629
-45.0,56,283.217175
66.0,167,283.775169
-51.0,50,283.976802
-50.0,51,284.140907
-45.0,56,284.306048
62.0,163,284.843386
12.0,113,285.236457
4.0,105,285.562764
59.0,160,289.749888
-50.0,51,289.915446
4.0,105,290.243839
4.0,105,290.587319
-48.0,53,290.839403
9.0,110,291.245548
-46.0,55,291.460661
-54.0,47,291.598338
-54.0,47,291.738009
-55.0,46,292.423056
176.0,277,293.295369
6.0,107,293.672686
115.0,216,294.321207
-54.0,47,294.484516
-47.0,54,294.660222
6.0,107,295.032355
-54.0,47,295.181119
179.0,280,296.148369
7.0,108,296.506104
-49.0,52,296.690332
-47.0,54,300.436559
-54.0,47,300.574487
175.0,276,301.539088
-46.0,55,301.728513
-55.0,46,301.85255
4.0,105,302.167625
-47.0,54,302.3581
-51.0,50,302.503797
-54.0,47,302.650466
171.0,272,303.461403
4.0,105,303.840637
59.0,160,304.36732
64.0,165,304.952623
63.0,164,305.456671
-54.0,47,305.602588
13.0,114,305.980097
-51.0,50,306.143497
3.0,104,306.485359
224.0,325,311.18452
117.0,218,311.855306
-54.0,47,312.003982
-46.0,55,312.165023
9.0,110,312.51294
117.0,218,313.265729
69.0,170,313.824794
-48.0,53,313.99032
6.0,107,314.343138
-54.0,47,314.501201
-54.0,47,314.650963
-46.0,55,314.837841
4.0,105,315.16614
4.0,105,315.553276
-54.0,47,315.692975
59.0,160,316.222451
5.0,106,316.557729
-54.0,47,316.739455
-55.0,46,316.885119
63.0,164,321.045764
-47.0,54,321.231375
-55.0,46,321.365792
-46.0,55,321.560045
62.0,163,322.094398
-52.0,49,322.239721
-55.0,46,322.389587
69.0,170,322.879376
63.0,164,323.369061
-54.0,47,323.566467
62.0,163,324.083484
-55.0,46,324.20946
6.0,107,324.561764
9.0,110,325.458853
118.0,219,326.190825
118.0,219,326.987206
-51.0,50,327.193222
3.0,104,327.507121
178.0,279,332.118061
10.0,111,332.476849
280.0,381,333.691691
-55.0,46,333.840424
274.0,375,335.035915
-45.0,56,335.204551
8.0,109,335.527134
12.0,113,335.859917
4.0,105,336.164867
-52.0,49,336.335188
276.0,377,337.45869
-55.0,46,337.614001
2.0,103,338.006289
59.0,160,342.091136
2.0,103,342.469744
119.0,220,343.158224
-54.0,47,343.309662
-46.0,55,343.495151
5.0,106,343.853447
-47.0,54,344.03802
-46.0,55,344.231895
371.0,472,345.793094
-46.0,55,345.969413
6.0,107,346.316869
63.0,164,346.832
276.0,377,348.034808
-49.0,52,348.194746
4.0,105,348.530195
172.0,273,352.935761
10.0,111,353.297792
60.0,161,353.810961
2.0,103,354.170115
59.0,160,354.711582
-48.0,53,354.85853
5.0,106,355.22817
-45.0,56,355.430976
7.0,108,355.737782
63.0,164,356.301163
-45.0,56,356.562416
121.0,222,357.340137
5.0,106,358.196639
-48.0,53,358.381155
66.0,167,358.88129
168.0,269,363.539243
-51.0,50,363.690376
510.0,611,365.60841
5.0,106,365.951114
9.0,110,366.292547
62.0,163,366.831491
4.0,105,367.141533
4.0,105,367.438281
-47.0,54,367.645144
62.0,163,368.23602
62.0,163,368.811614
4.0,105,369.17045
120.0,221,373.632732
175.0,276,374.528904
62.0,163,375.056195
69.0,170,375.578313
8.0,109,375.93109
64.0,165,376.471564
-54.0,47,376.627352
-54.0,47,376.779553
-53.0,48,376.932392
4.0,105,377.262799
-54.0,47,377.419593
-54.0,47,377.591342
119.0,220,378.32507
-54.0,47,378.486629
11.0,112,378.886085
2.0,103,379.199531
67.0,168,379.732849
4.0,105,380.079514
-54.0,47,380.265669
-54.0,47,384.019682
224.0,325,384.954633
119.0,220,385.651765
-45.0,56,385.823415
-54.0,47,385.980598
63.0,164,386.525739
3.0,104,386.888767
171.0,272,387.792707
614.0,715,390.774642
4.0,105,391.106251
327.0,428,396.214241
-51.0,50,396.359942
380.0,481,397.7846
-54.0,47,397.97519
6.0,107,398.289166
62.0,163,398.843554
70.0,171,399.365846
12.0,113,399.740285
-54.0,47,399.888255
-49.0,52,400.0688
284.0,385,401.262003
-53.0,48,404.97572
-54.0,47,405.141306
-46.0,55,405.312028
115.0,216,406.004744
332.0,433,407.312597
124.0,225,408.122452
-51.0,50,408.295285
73.0,174,408.892024
-46.0,55,409.048326
9.0,110,409.370832
-47.0,54,409.568745
3.0,104,409.904043
4.0,105,410.236643
-48.0,53,410.412488
-51.0,50,410.569356
8.0,109,410.936436
-54.0,47,411.118109
-46.0,55,411.308315
-48.0,53,411.472576
60.0,161,415.680799
-47.0,54,415.857037
117.0,218,416.539751
-54.0,47,416.727868
11.0,112,417.063348
7.0,108,417.400009
280.0,381,418.653519
7.0,108,419.008878
65.0,166,419.55617
479.0,580,421.458254
-55.0,46,421.644675
62.0,163,426.07483
-54.0,47,426.288017
224.0,325,427.339953
-54.0,47,427.488661
120.0,221,428.231184
117.0,218,428.914653
-52.0,49,429.072589
120.0,221,430.027865
-54.0,47,430.17338
118.0,219,431.026881
11.0,112,431.435763
120.0,221,432.208375
225.0,326,436.909259
14.0,115,437.254613
60.0,161,437.801145
116.0,217,438.520226
-45.0,56,438.722964
227.0,328,439.83303
382.0,483,441.436383
-47.0,54,441.619355
10.0,111,442.030168
227.0,328,443.139052
15.0,116,446.991346
69.0,170,447.609525
-45.0,56,447.78592
171.0,272,448.647729
372.0,473,450.128483
225.0,326,451.271026
62.0,163,451.821363
325.0,426,453.201371
-49.0,52,453.387731
115.0,216,457.736629
5.0,106,458.067374
322.0,423,459.426389
63.0,164,459.989697
520.0,621,462.150277
372.0,473,463.770184
-50.0,51,463.936168
426.0,527,469.270901
171.0,272,470.200655
4.0,105,470.555031
5.0,106,470.908503
-55.0,46,471.049718
323.0,424,472.421227
-46.0,55,472.589969
118.0,219,473.292248
64.0,165,473.837768
117.0,218,474.599055
-45.0,56,478.518351
10.0,111,478.894381
12.0,113,479.240507
-49.0,52,479.431961
124.0,225,480.127769
62.0,163,480.708857
745.0,846,483.335173
-46.0,55,483.493603
-51.0,50,483.669626
65.0,166,484.173901
425.0,526,489.965906
287.0,388,491.25685
119.0,220,491.944766
73.0,174,492.467438
476.0,577,494.440508
174.0,275,495.294775
4.0,105,495.612896
-46.0,55,499.257686
2.0,103,499.641998
12.0,113,500.018532
67.0,168,500.640741
70.0,171,501.192109
-47.0,54,501.372607
13.0,114,501.779033
12.0,113,502.143825
-45.0,56,502.327124
13.0,114,502.676921
-48.0,53,502.84547
-47.0,54,503.006781
175.0,276,503.883018
13.0,114,504.221189
12.0,113,504.651093
116.0,217,505.36832
126.0,227,509.7759
-47.0,54,509.953882
742.0,843,512.819819
-45.0,56,513.009421
-49.0,52,513.173737
-46.0,55,513.343173
375.0,476,514.992214
-47.0,54,515.169129
-54.0,47,515.313056
700.0,801,521.952164
73.0,174,522.574636
236.0,337,523.618411
570.0,671,525.857255
1104.0,1205,533.209385
-46.0,55,533.380494
6.0,107,533.725128
-46.0,55,533.889934
14.0,115,534.281509
-46.0,55,534.487069
116.0,217,535.235104
11.0,112,535.596362
826.0,927,542.448866
381.0,482,543.941405
178.0,279,544.883079
118.0,219,545.566557
-55.0,46,545.720706
172.0,273,546.623376
-54.0,47,546.759145
484.0,585,552.254063
281.0,382,553.876517
425.0,526,555.568407
274.0,375,556.889717
118.0,219,557.585417
6.0,107,557.90303
-48.0,53,558.060322
8.0,109,558.415036
-54.0,47,562.200053
67.0,168,562.7384
-54.0,47,562.917478
67.0,168,563.469882
379.0,480,565.090708
228.0,329,566.271576
12.0,113,566.623761
-46.0,55,566.789307
-54.0,47,566.965503
-46.0,55,567.153343
-46.0,55,567.365764
328.0,429,568.850172
224.0,325,573.593606
116.0,217,574.32829
62.0,163,574.85882
69.0,170,575.381227
6.0,107,575.712949
11.0,112,576.07986
-46.0,55,576.2456
517.0,618,578.392461
-48.0,53,578.56092
282.0,383,583.528309
123.0,224,584.35307
325.0,426,585.761047
-54.0,47,585.918374
116.0,217,587.042016
228.0,329,588.303384
60.0,161,588.80792
-46.0,55,588.978742
325.0,426,590.356477
-48.0,53,590.531428
523.0,624,596.405276
63.0,164,596.947151
7.0,108,597.346948
-47.0,54,597.537569
-54.0,47,597.667837
12.0,113,598.012853
62.0,163,598.563698
-54.0,47,598.747838
739.0,840,605.182395
117.0,218,605.825072
15.0,116,606.202173
15.0,116,606.566463
13.0,114,606.952515
-54.0,47,607.109944
566.0,667,609.26293
169.0,270,610.209286
330.0,431,615.279748
-47.0,54,615.43708
378.0,479,617.014337
277.0,378,618.14164
281.0,382,619.897989
7.0,108,620.246608
61.0,162,620.759757
476.0,577,626.406229
-46.0,55,626.594541
-45.0,56,626.789888
13.0,114,627.25998
173.0,274,628.137233
383.0,484,629.667889
222.0,323,630.79786
277.0,378,632.026974
-51.0,50,632.181282
2.0,103,632.524148
425.0,526,638.265177
179.0,280,639.182142
12.0,113,639.548407
-46.0,55,639.713789
557.0,658,641.785277
72.0,173,642.327752
13.0,114,642.688906
119.0,220,647.018734
179.0,280,647.938923
-46.0,55,648.143204
324.0,425,649.561092
328.0,429,651.104549
12.0,113,651.90616
378.0,479,653.572033
382.0,483,658.962634
521.0,622,661.003407
14.0,115,661.371111
613.0,714,663.868031
230.0,331,664.918265
-48.0,53,668.66214
521.0,622,670.955498
112.0,213,671.638624
474.0,575,673.525866
374.0,475,675.094147
517.0,618,680.644761
946.0,1047,684.648116
13.0,114,685.065737
479.0,580,690.794108
278.0,379,692.010048
14.0,115,692.355156
178.0,279,693.185434
6.0,107,693.518082
520.0,621,695.604749
117.0,218,696.360166
330.0,431,701.442076
274.0,375,702.664685
121.0,222,703.391131
170.0,271,704.285771
789.0,890,707.111189
-54.0,47,711.116958
-54.0,47,711.256552
-49.0,52,711.439744
515.0,616,713.324633
-45.0,56,713.508701
420.0,521,715.054569
-46.0,55,715.234384
658.0,759,721.499262
380.0,481,723.108956
524.0,625,725.21162
225.0,326,726.283796
180.0,281,727.203563
663.0,764,733.211955
6.0,107,733.647728
472.0,573,735.734001
376.0,477,737.283705
1183.0,1284,745.134381
67.0,168,745.763193
-46.0,55,745.958777
-45.0,56,746.127424
11.0,112,746.460111
875.0,976,753.833237
278.0,379,755.049849
174.0,275,756.026171
519.0,620,758.177978
-46.0,55,758.376109
381.0,482,760.003368
523.0,624,765.95929
5.0,106,766.349394
617.0,718,768.65714
425.0,526,770.448732
433.0,534,775.826891
281.0,382,777.105627
-46.0,55,777.303702
66.0,167,777.87671
326.0,427,779.349052
469.0,570,781.133116
171.0,272,786.020166
568.0,669,788.369785
327.0,428,789.929184
5.0,106,790.257648
792.0,893,796.729968
528.0,629,798.812399
275.0,376,800.05248
569.0,670,802.311403
375.0,476,807.377483
-46.0,55,807.558881
522.0,623,809.608082
11.0,112,810.050494
181.0,282,810.964772
-46.0,55,811.14387
949.0,1050,818.486191
-53.0,48,818.627562
173.0,274,819.54192
277.0,378,820.757286
565.0,666,822.928897
-46.0,55,823.113508
423.0,524,828.312234
825.0,926,831.283773
-48.0,53,831.46479
697.0,798,837.694527
697.0,798,840.47225
180.0,281,841.406446
179.0,280,842.360128
330.0,431,843.717261
175.0,276,848.694259
227.0,328,849.775093
60.0,161,850.366577
373.0,474,852.074966
-54.0,47,852.23042
522.0,623,854.196934
616.0,717,860.237798
786.0,887,863.065848
700.0,801,869.171365
-45.0,56,869.353869
609.0,710,871.667238
-46.0,55,871.821579
831.0,932,874.969299
525.0,626,881.091136
-47.0,54,881.264236
909.0,1010,884.654689
72.0,173,885.238446
282.0,383,890.038082
15.0,116,890.406899
707.0,808,893.028857
-46.0,55,893.248409
15.0,116,893.613038
872.0,973,900.44282
14.0,115,900.805769
6.0,107,901.123809
426.0,527,902.917876
424.0,525,904.700789
703.0,804,911.013436
830.0,931,914.433565
117.0,218,915.110924
519.0,620,917.009566
1102.0,1203,924.736538
12.0,113,925.067163
-46.0,55,925.240234
-46.0,55,925.444603
13.0,114,925.820883
789.0,890,932.129053
12.0,113,932.522723
330.0,431,933.917903
-48.0,53,934.084827
1106.0,1207,937.938874
372.0,473,943.082165
71.0,172,943.742126
568.0,669,946.443197
868.0,969,953.324765
949.0,1050,956.961081
-46.0,55,957.142075
-46.0,55,957.321846
-52.0,49,957.46927
-46.0,55,957.645313
-46.0,55,957.80949
-47.0,54,958.005525
71.0,172,958.579592
71.0,172,959.152622
-46.0,55,959.31084
427.0,528,964.513639
-47.0,54,964.677525
-54.0,47,964.809746
-49.0,52,965.005203
-46.0,55,965.183053
-46.0,55,965.363241
231.0,332,966.450096
12.0,113,966.808572
70.0,171,967.339353
228.0,329,968.428567
14.0,115,968.782769
-46.0,55,968.9802
13.0,114,969.368148
424.0,525,974.690275
-45.0,56,974.85852
871.0,972,978.063059
-48.0,53,978.208215
66.0,167,979.29698
829.0,930,985.940823
14.0,115,986.288006
609.0,710,988.448811
655.0,756,994.539829
830.0,931,997.727101
611.0,712,1000.047235
72.0,173,1000.612391
1323.0,1424,1008.920123
825.0,926,1016.123531
418.0,519,1017.845507
-46.0,55,1018.033873
63.0,164,1018.533312
284.0,385,1019.819757
376.0,477,1021.364075
11.0,112,1021.694759
15.0,116,1022.088426
-45.0,56,1022.256786
480.0,581,1027.949965
12.0,113,1028.321055
114.0,215,1029.06686
1173.0,1274,1037.110536
655.0,756,1039.574042
917.0,1018,1043.039878
-45.0,56,1043.21708
709.0,810,1050.154691
235.0,336,1051.330962
790.0,891,1054.504451
1145.0,1246,1062.433996
374.0,475,1064.103863
525.0,626,1069.765522
14.0,115,1070.193937
-46.0,55,1070.391238
229.0,330,1071.593222
14.0,115,1072.088351
-46.0,55,1072.286952
12.0,113,1072.624628
-46.0,55,1072.782131
1103.0,1204,1080.842637
-46.0,55,1081.035244
14.0,115,1081.457361
-46.0,55,1081.666266
1179.0,1280,1086.174407
610.0,711,1091.939988
-46.0,55,1092.183376
1108.0,1209,1096.206802
911.0,1012,1103.421725
14.0,115,1103.791179
914.0,1015,1107.146494
14.0,115,1107.554508
519.0,620,1113.935343
1216.0,1317,1118.145955
-48.0,53,1118.328688
613.0,714,1124.467797
384.0,485,1125.979917
332.0,433,1127.492419
63.0,164,1128.082943
705.0,806,1134.190681
1105.0,1206,1138.252588
1257.0,1358,1146.996785
68.0,169,1147.608119
280.0,381,1149.027668
69.0,170,1149.600676
12.0,113,1149.976074
13.0,114,1150.385002
-48.0,53,1150.545306
-45.0,56,1150.730796
177.0,278,1155.061023
-47.0,54,1155.223338
-46.0,55,1155.384114
-49.0,52,1155.550814
7.0,108,1155.913633
12.0,113,1156.370342
13.0,114,1156.772814
-46.0,55,1156.968417
663.0,764,1159.473226
235.0,336,1160.637996
7.0,108,1160.9817
-45.0,56,1161.171938
12.0,113,1161.551723
10.0,111,1165.34637
-47.0,54,1165.528958
-46.0,55,1165.724381
-47.0,54,1165.905793
12.0,113,1166.240855
-45.0,56,1166.423941
-47.0,54,1166.607254
-47.0,54,1166.785318
14.0,115,1167.149684
-48.0,53,1167.328491
-47.0,54,1167.543277
127.0,228,1168.334842
175.0,276,1169.256838
12.0,113,1169.674171
67.0,168,1170.241808
609.0,710,1177.05618
173.0,274,1177.867477
11.0,112,1178.23039
13.0,114,1178.621492
-49.0,52,1178.791244
949.0,1050,1182.364358
125.0,226,1183.065662
1025.0,1126,1190.673854
-48.0,53,1190.84208
12.0,113,1191.260181
-47.0,54,1191.449429
-48.0,53,1191.641947
-46.0,55,1191.798766
12.0,113,1192.203375
11.0,112,1192.540993
14.0,115,1192.914947
14.0,115,1193.316086
1109.0,1210,1200.986457
-46.0,55,1201.183426
1108.0,1209,1209.150024
10.0,111,1209.523021
1252.0,1353,1214.063762
10.0,111,1214.404621
953.0,1054,1221.268058
953.0,1054,1224.777987
-47.0,54,1224.937615
12.0,113,1225.346805
68.0,169,1229.549219
-49.0,52,1229.71362
-45.0,56,1229.873564
15.0,116,1230.258852
-45.0,56,1230.466299
-46.0,55,1230.634504
-45.0,56,1230.800489
13.0,114,1231.180696
823.0,924,1234.40653
-46.0,55,1234.59785
-53.0,48,1234.767198
-46.0,55,1234.931762
126.0,227,1235.659836
1034.0,1135,1243.752488
-48.0,53,1243.965533
285.0,386,1245.425886
-46.0,55,1245.597779
381.0,482,1247.347806
-45.0,56,1251.193778
-45.0,56,1251.392713
658.0,759,1253.866413
-46.0,55,1254.046661
657.0,758,1256.505645
-46.0,55,1256.748739
1063.0,1164,1264.035458
-46.0,55,1264.214765
869.0,970,1267.379497
1225.0,1326,1275.938991
12.0,113,1276.260395
15.0,116,1276.610951
376.0,477,1278.212576
-46.0,55,1278.374525
14.0,115,1278.725349
-46.0,55,1282.73407
1431.0,1532,1287.783523
1359.0,1460,1296.356716
-48.0,53,1296.540246
70.0,171,1297.058674
72.0,173,1297.582227
-46.0,55,1297.782587
-47.0,54,1297.960411
231.0,332,1299.095026
-45.0,56,1299.271418
14.0,115,1299.648255
11.0,112,1303.616688
565.0,666,1305.87726
12.0,113,1306.859192
828.0,929,1310.037278
921.0,1022,1317.155848
1034.0,1135,1321.042729
170.0,271,1325.616035
-46.0,55,1325.772244
-45.0,56,1325.933952
-49.0,52,1326.093616
12.0,113,1326.435609
12.0,113,1326.803878
12.0,113,1327.150057
120.0,221,1327.911403
739.0,840,1330.653135
1103.0,1204,1338.233522
-46.0,55,1338.409507
752.0,853,1341.667994
-46.0,55,1341.848703
-46.0,55,1342.044761
-45.0,56,1342.217475
-46.0,55,1342.379646
569.0,670,1348.621152
-45.0,56,1348.805567
68.0,169,1349.399165
6.0,107,1349.729467
69.0,170,1350.309002
-46.0,55,1350.485417
62.0,163,1351.038865
14.0,115,1351.358294
791.0,892,1357.895762
-46.0,55,1358.104055
62.0,163,1358.707927
-46.0,55,1358.906823
-46.0,55,1359.086839
-46.0,55,1359.285286
12.0,113,1359.630391
914.0,1015,1363.111174
-46.0,55,1363.284294
-46.0,55,1363.446607
1355.0,1456,1371.540048
327.0,428,1373.590276
-46.0,55,1373.783863
69.0,170,1374.367183
832.0,933,1381.463993
68.0,169,1381.996264
70.0,171,1382.593592
70.0,171,1383.148755
-46.0,55,1383.345786
786.0,887,1389.720444
1104.0,1205,1393.519246
12.0,113,1393.862302
565.0,666,1399.689795
62.0,163,1400.23087
129.0,230,1401.002423
913.0,1014,1404.325157
69.0,170,1405.376416
12.0,113,1405.75294
-46.0,55,1406.013159
70.0,171,1406.545201
1497.0,1598,1415.367239
15.0,116,1415.687341
-46.0,55,1415.920429
-46.0,55,1416.104243
119.0,220,1416.796576
478.0,579,1422.402874
1069.0,1170,1426.18481
-46.0,55,1426.402767
67.0,168,1426.980707
-45.0,56,1427.14971
568.0,669,1432.948729
13.0,114,1433.339668
-46.0,55,1433.519562
65.0,166,1434.095984
70.0,171,1434.73482
11.0,112,1435.069529
15.0,116,1435.470377
-46.0,55,1435.658264
-45.0,56,1435.854326
12.0,113,1436.19522
12.0,113,1436.556675
741.0,842,1443.683544
12.0,113,1444.066478
-45.0,56,1444.264427
64.0,165,1444.833337
1108.0,1209,1449.070143
178.0,279,1453.69503
12.0,113,1454.0536
69.0,170,1454.569138
-46.0,55,1454.759823
558.0,659,1456.887194
12.0,113,1457.247431
1113.0,1214,1464.758592
13.0,114,1465.097736
231.0,332,1466.222603
989.0,1090,1474.006412
-46.0,55,1474.175189
1257.0,1358,1478.73671
826.0,927,1485.447011
1103.0,1204,1489.408555
659.0,760,1495.686301
1143.0,1244,1499.869573
13.0,114,1500.273283
531.0,632,1506.518
117.0,218,1507.290594
1027.0,1128,1511.003825
1433.0,1534,1519.93651
182.0,283,1520.871768
-48.0,53,1521.030865
-54.0,47,1521.190633
229.0,330,1522.306007
-48.0,53,1522.459934
13.0,114,1522.87233
66.0,167,1526.905686
606.0,707,1529.241921
73.0,174,1529.809833
275.0,376,1531.086074
67.0,168,1531.586053
-47.0,54,1531.780399
124.0,225,1532.523276
611.0,712,1539.225168
14.0,115,1539.611104
789.0,890,1542.64515
9.0,110,1542.993569
70.0,171,1543.573952
1106.0,1207,1551.142967
572.0,673,1553.310933
612.0,713,1559.402619
233.0,334,1560.585852
1070.0,1171,1564.450014
913.0,1014,1571.792508
377.0,478,1573.363412
748.0,849,1576.182509
1145.0,1246,1583.69755
-45.0,56,1583.902233
11.0,112,1584.277066
1438.0,1539,1592.774894
175.0,276,1593.671551
70.0,171,1594.223728
567.0,668,1596.396628
909.0,1010,1603.852665
830.0,931,1606.942994
-45.0,56,1607.137385
-46.0,55,1607.324781
280.0,381,1612.062102
1105.0,1206,1615.928106
701.0,802,1622.294092
-46.0,55,1622.47782
1103.0,1204,1626.448914
420.0,521,1628.065063
1185.0,1286,1636.86807
70.0,171,1637.424657
-45.0,56,1637.599401
424.0,525,1639.261943
-45.0,56,1642.896377
-45.0,56,1643.098897
828.0,929,1646.070136
67.0,168,1646.605605
7.0,108,1646.985895
1290.0,1391,1654.919317
-46.0,55,1655.090554
950.0,1051,1658.80366
706.0,807,1665.205972
-46.0,55,1665.365698
-46.0,55,1665.53171
-46.0,55,1665.690955
-46.0,55,1665.870312
114.0,215,1666.613694
-46.0,55,1666.814474
12.0,113,1667.818403
-46.0,55,1667.990134
14.0,115,1668.352931
-45.0,56,1668.563567
13.0,114,1668.966729
-46.0,55,1669.142874
-46.0,55,1669.306051
1182.0,1283,1677.081582
-46.0,55,1677.28329
1072.0,1173,1681.162337
1146.0,1247,1689.257968
-46.0,55,1689.408084
-46.0,55,1689.585544
913.0,1014,1696.531997
12.0,113,1696.88725
-46.0,55,1697.069224
-46.0,55,1697.244157
-46.0,55,1697.404701
9.0,110,1697.761803
-46.0,55,1697.928565
69.0,170,1698.493145
-46.0,55,1698.675336
70.0,171,1699.290808
-46.0,55,1699.469215
-46.0,55,1699.677743
1108.0,1209,1708.456891
70.0,171,1708.992775
-46.0,55,1709.188805
1297.0,1398,1713.967308
-46.0,55,1717.694141
67.0,168,1718.231247
-46.0,55,1718.399477
-46.0,55,1718.593349
13.0,114,1718.992586
-46.0,55,1719.220173
-46.0,55,1719.39264
-54.0,47,1719.556788
70.0,171,1720.121668
-46.0,55,1720.385911
14.0,115,1720.76621
-46.0,55,1720.920854
67.0,168,1721.465517
14.0,115,1721.85408
-46.0,55,1722.060945
14.0,115,1722.448457
11.0,112,1722.806062
1215.0,1316,1730.570754
656.0,757,1733.534763
-45.0,56,1733.722121
740.0,841,1739.978317
-46.0,55,1740.144339
-45.0,56,1740.315413
-46.0,55,1740.518802
-50.0,51,1740.702909
-46.0,55,1740.89824
14.0,115,1741.28031
-45.0,56,1741.481496
12.0,113,1741.817944
-45.0,56,1742.019779
-46.0,55,1742.174802
-46.0,55,1742.37066
11.0,112,1742.785204
9.0,110,1743.164227
-46.0,55,1743.350873
-46.0,55,1743.53359
-46.0,55,1743.71984
-49.0,52,1743.897121
-46.0,55,1744.140307
12.0,113,1744.49553
12.0,113,1744.944911
-46.0,55,1745.129865
70.0,171,1749.455601
12.0,113,1749.82448
14.0,115,1750.202748
905.0,1006,1753.510761
-46.0,55,1753.686604
-46.0,55,1753.831491
-45.0,56,1754.014954
-46.0,55,1754.161034
-46.0,55,1754.432424
1290.0,1391,1762.89165
14.0,115,1763.315089
-46.0,55,1763.483223
615.0,716,1766.263908
12.0,113,1766.590223
-46.0,55,1766.764868
-46.0,55,1766.927124
14.0,115,1770.806568
-46.0,55,1770.97574
-46.0,55,1771.251343
-46.0,55,1771.425913
14.0,115,1771.80361
-47.0,54,1772.012022
13.0,114,1772.352562
67.0,168,1772.919481
984.0,1085,1776.694097
-46.0,55,1776.893577
-46.0,55,1777.077333
1109.0,1210,1784.745321
14.0,115,1785.105639
565.0,666,1787.321224
14.0,115,1787.693739
-46.0,55,1787.870039
-46.0,55,1788.046633
-45.0,56,1791.787359
14.0,115,1792.215386
14.0,115,1792.678522
-47.0,54,1792.866402
-45.0,56,1793.087478
1286.0,1387,1798.721098
14.0,115,1799.115322
70.0,171,1803.631352
12.0,113,1804.084297
-46.0,55,1804.372714
-46.0,55,1804.564447
14.0,115,1805.092703
1365.0,1466,1810.266287
-46.0,55,1810.48574
-46.0,55,1810.675061
-47.0,54,1810.868892
-46.0,55,1811.102297
-46.0,55,1815.350734
876.0,977,1818.965599
14.0,115,1819.463089
-46.0,55,1819.655712
-51.0,50,1819.825723
-46.0,55,1820.048894
70.0,171,1820.838145
-46.0,55,1821.013877
908.0,1009,1828.840961
-46.0,55,1829.024477
12.0,113,1829.46339
1109.0,1210,1834.079898
-45.0,56,1834.285359
-48.0,53,1834.446198
-46.0,55,1834.620007
-46.0,55,1838.051185
783.0,884,1840.90992
-46.0,55,1841.083856
909.0,1010,1844.36589
1217.0,1318,1852.312386
-46.0,55,1852.509147
-45.0,56,1852.691963
-45.0,56,1852.873542
-46.0,55,1853.061297
14.0,115,1853.413446
12.0,113,1853.761865
913.0,1014,1860.864472
-45.0,56,1861.037939
747.0,848,1864.436432
-46.0,55,1864.609851
701.0,802,1870.908817
70.0,171,1871.438345
14.0,115,1871.819484
1065.0,1166,1875.636965
-46.0,55,1875.821958
324.0,425,1880.721025
-48.0,53,1880.894665
13.0,114,1881.231873
863.0,964,1884.241676
-47.0,54,1884.470561
69.0,170,1884.98821
-46.0,55,1885.166533
-45.0,56,1885.349914
-46.0,55,1885.52292
-46.0,55,1885.699249
-46.0,55,1885.876826
-46.0,55,1886.072722
-46.0,55,1886.269084
-46.0,55,1890.247083
1215.0,1316,1894.740806
14.0,115,1895.102327
-46.0,55,1895.273329
285.0,386,1897.16981
1351.0,1452,1906.026085
1254.0,1355,1914.541047
-46.0,55,1914.72935
-46.0,55,1914.90849
-46.0,55,1915.107029
13.0,114,1915.435509
-46.0,55,1915.626093
12.0,113,1916.016576
-46.0,55,1916.192307
-46.0,55,1916.373774
1533.0,1634,1925.535855
-50.0,51,1925.694247
-46.0,55,1925.880235
-45.0,56,1926.080359
1360.0,1461,1934.720643
-45.0,56,1934.887773
1217.0,1318,1939.380498
-45.0,56,1939.566038
14.0,115,1939.955275
-46.0,55,1940.171142
-46.0,55,1940.323836
67.0,168,1944.653037
1286.0,1387,1949.266264
-45.0,56,1949.432617
909.0,1010,1956.761218
15.0,116,1957.128328
1109.0,1210,1961.215258
-45.0,56,1961.415846
-54.0,47,1961.575091
712.0,813,1968.565421
1143.0,1244,1972.479598
781.0,882,1978.957153
952.0,1053,1982.622547
-46.0,55,1982.809011
1220.0,1321,1990.65512
70.0,171,1991.2113
1068.0,1169,1999.62414
13.0,114,1999.954527
748.0,849,2002.739718
789.0,890,2009.410129
-45.0,56,2009.62865
-45.0,56,2009.857642
-45.0,56,2010.041524
66.0,167,2010.600475
520.0,621,2012.635534
653.0,754,2015.06054
575.0,676,2020.757585
1363.0,1464,2025.422313
-45.0,56,2029.447533
908.0,1009,2032.751832
-45.0,56,2032.913185
913.0,1014,2040.103667
-45.0,56,2040.289119
-47.0,54,2040.503134
13.0,114,2040.829839
908.0,1009,2044.354753
1109.0,1210,2052.072952
1033.0,1134,2055.944991
-45.0,56,2056.141747
911.0,1012,2063.628707
747.0,848,2066.400951
910.0,1011,2073.161497
-45.0,56,2073.360392
-45.0,56,2073.555988
910.0,1011,2076.796872
63.0,164,2077.316354
1000.0,1101,2084.726611
745.0,846,2087.723844
746.0,847,2094.53439
61.0,162,2095.070537
227.0,328,2096.141868
1107.0,1208,2103.767715
1181.0,1282,2108.023673
915.0,1016,2115.112427
-54.0,47,2115.247919
-46.0,55,2115.457183
605.0,706,2117.931738
481.0,582,2119.808074
872.0,973,2127.095173
519.0,620,2129.189991
-48.0,53,2129.382388
913.0,1014,2136.173706
126.0,227,2136.856392
-45.0,56,2137.029371
605.0,706,2139.460566
908.0,1009,2146.379151
-46.0,55,2146.554208
-48.0,53,2146.698445
743.0,844,2149.445697
1115.0,1216,2157.028483
1030.0,1131,2161.356516
-46.0,55,2161.531861
661.0,762,2167.658931
72.0,173,2168.257801
1026.0,1127,2171.961245
-47.0,54,2172.152505
-46.0,55,2172.328515
-46.0,55,2172.50598
-47.0,54,2172.738539
-46.0,55,2172.948357
-45.0,56,2173.107972
-46.0,55,2173.27757
1102.0,1203,2180.790037
428.0,529,2182.458216
14.0,115,2182.787073
1106.0,1207,2190.44387
570.0,671,2193.26697
1105.0,1206,2200.565825
14.0,115,2201.010635
704.0,805,2203.881786
1225.0,1326,2212.092706
905.0,1006,2215.442675
-46.0,55,2215.633006
868.0,969,2222.491281
376.0,477,2224.234383
176.0,277,2225.684719
1186.0,1287,2233.430423
746.0,847,2236.273467
825.0,926,2242.872118
951.0,1052,2246.28072
788.0,889,2253.018021
-46.0,55,2253.178262
1334.0,1435,2258.690423
909.0,1010,2265.681325
-46.0,55,2265.864711
-46.0,55,2266.032343
13.0,114,2266.392985
1221.0,1322,2274.412205
69.0,170,2275.013918
9.0,110,2275.410747
1217.0,1318,2283.514465
1359.0,1460,2288.306755
12.0,113,2288.697686
67.0,168,2289.210725
72.0,173,2289.807129
822.0,923,2297.164428
-48.0,53,2297.315949
70.0,171,2297.880797
379.0,480,2299.39084
-46.0,55,2299.56595
695.0,796,2305.531887
423.0,524,2307.290212
1218.0,1319,2315.278494
1435.0,1536,2320.224866
69.0,170,2320.700452
379.0,480,2326.782932
1064.0,1165,2330.735843
1108.0,1209,2338.398196
69.0,170,2338.965882
867.0,968,2342.073243
379.0,480,2347.146873
1065.0,1166,2350.838189
1262.0,1363,2359.873988
-47.0,54,2360.048171
916.0,1017,2363.290578
8.0,109,2363.630749
614.0,715,2369.612056
-50.0,51,2369.773019
1068.0,1169,2373.50557
15.0,116,2373.84426
117.0,218,2374.590703
785.0,886,2381.393348
914.0,1015,2384.498569
705.0,806,2391.33927
-46.0,55,2391.590299
-46.0,55,2391.84353
330.0,431,2393.304222
1255.0,1356,2401.030123
1114.0,1215,2405.072087
-46.0,55,2405.223865
-45.0,56,2405.405994
908.0,1009,2412.189295
-45.0,56,2412.377612
1020.0,1121,2416.206538
-46.0,55,2416.396071
-45.0,56,2416.564873
1109.0,1210,2424.972604
72.0,173,2425.536775
13.0,114,2425.935253
910.0,1011,2433.325836
14.0,115,2433.729621
-45.0,56,2433.90086
-45.0,56,2434.075387
-45.0,56,2434.259852
59.0,160,2434.829139
431.0,532,2436.511392
-46.0,55,2436.755841
14.0,115,2437.111569
172.0,273,2438.048366
616.0,717,2444.266215
-46.0,55,2444.457008
1108.0,1209,2448.153922
-45.0,56,2448.311285
-46.0,55,2448.489986
911.0,1012,2456.157288
745.0,846,2458.807123
1215.0,1316,2466.795661
1330.0,1431,2474.884231
1428.0,1529,2479.988133
333.0,434,2484.890093
1256.0,1357,2490.376998
915.0,1016,2497.637194
699.0,800,2500.367457
114.0,215,2501.081305
228.0,329,2502.213434
1111.0,1212,2509.604216
337.0,438,2511.265794
-45.0,56,2511.47448
478.0,579,2517.100718
65.0,166,2517.659743
-46.0,55,2517.829406
-45.0,56,2518.040084
181.0,282,2518.887475
179.0,280,2519.76087
522.0,623,2522.440005
616.0,717,2528.446105
1104.0,1205,2532.452
-49.0,52,2532.620085
1068.0,1169,2540.394206
520.0,621,2542.474154
-54.0,47,2542.630444
-50.0,51,2542.787735
566.0,667,2548.567624
474.0,575,2550.497332
-47.0,54,2550.651729
-46.0,55,2550.843054
836.0,937,2554.550058
531.0,632,2560.198237
1108.0,1209,2564.09633
916.0,1017,2571.188509
-45.0,56,2571.349583
67.0,168,2571.898322
1034.0,1135,2575.68012
61.0,162,2576.297598
278.0,379,2581.278147
-45.0,56,2581.460223
1569.0,1670,2587.708505
279.0,380,2592.802311
567.0,668,2594.93996
378.0,479,2596.646657
909.0,1010,2603.634809
789.0,890,2606.619897
654.0,755,2612.567108
427.0,528,2614.32451
877.0,978,2617.655553
705.0,806,2624.450382
69.0,170,2624.985046
1034.0,1135,2628.860463
-46.0,55,2629.085861
909.0,1010,2636.113584
748.0,849,2639.03504
745.0,846,2645.479962
183.0,284,2646.496687
1499.0,1600,2656.193406
1219.0,1320,2660.459974
1210.0,1311,2668.51984
-46.0,55,2668.681454
-46.0,55,2668.861717
13.0,114,2669.235535
1358.0,1459,2677.907272
1469.0,1570,2682.906209
12.0,113,2683.256936
13.0,114,2687.948537
-47.0,54,2688.135193
1462.0,1563,2693.527361
-45.0,56,2693.724083
-46.0,55,2693.896142
-46.0,55,2694.059382
14.0,115,2694.405574
12.0,113,2698.241845
-46.0,55,2698.420703
12.0,113,2698.835241
-46.0,55,2699.006066
-46.0,55,2699.173718
1102.0,1203,2703.078742
-45.0,56,2703.25961
13.0,114,2703.593593
13.0,114,2703.987283
-46.0,55,2704.153101
14.0,115,2704.526831
-46.0,55,2704.706045
-47.0,54,2704.872349
1061.0,1162,2712.328786
-46.0,55,2712.497884
-46.0,55,2712.671909
14.0,115,2713.060299
69.0,170,2713.651793
68.0,169,2714.172663
-46.0,55,2714.365058
12.0,113,2714.733657
-45.0,56,2714.909163
-46.0,55,2715.081267
12.0,113,2719.738223
-46.0,55,2719.812128
-46.0,55,2719.880325
12.0,113,2720.03989
1212.0,1313,2722.203886
-46.0,55,2722.304578
-45.0,56,2722.397819
-46.0,55,2722.492535
12.0,113,2722.681779
13.0,114,2722.854918
